individual,length,size,stimulus_order,stim,response,stimulus
201,13,xlarge,5,Entire,1,-0.97
201,13,xlarge,6,Entire,1,-0.97
201,13,xlarge,16,Entire,1,-0.97
201,13,xlarge,18,Entire,1,-0.97
202,7,medium,12,Entire,1,-0.97
202,7,medium,16,Entire,1,-0.97
202,7,medium,17,Entire,1,-0.97
202,7,medium,23,Entire,1,-0.97
202,7,medium,31,Entire,1,-0.97
203,8,medium,3,Entire,1,-0.97
203,8,medium,6,Entire,1,-0.97
203,8,medium,20,Entire,1,-0.97
203,8,medium,33,Entire,1,-0.97
203,8,medium,35,Entire,1,-0.97
204,8,medium,13,Entire,1,-0.97
204,8,medium,23,Entire,1,-0.97
204,8,medium,31,Entire,0,-0.97
204,8,medium,32,Entire,0,-0.97
204,8,medium,33,Entire,0,-0.97
205,9,medium,2,Entire,1,-0.97
205,9,medium,7,Entire,1,-0.97
205,9,medium,13,Entire,1,-0.97
205,9,medium,16,Entire,1,-0.97
205,9,medium,29,Entire,1,-0.97
206,7,medium,5,Entire,1,-0.97
206,7,medium,6,Entire,1,-0.97
206,7,medium,18,Entire,1,-0.97
206,7,medium,24,Entire,1,-0.97
206,7,medium,27,Entire,1,-0.97
207,9,medium,1,Entire,1,-0.97
207,9,medium,3,Entire,1,-0.97
207,9,medium,4,Entire,1,-0.97
207,9,medium,10,Entire,1,-0.97
207,9,medium,20,Entire,0,-0.97
208,9,medium,3,Entire,1,-0.97
208,9,medium,4,Entire,1,-0.97
208,9,medium,9,Entire,1,-0.97
208,9,medium,19,Entire,0,-0.97
208,9,medium,34,Entire,1,-0.97
209,7,medium,5,Entire,1,-0.97
209,7,medium,6,Entire,1,-0.97
209,7,medium,12,Entire,1,-0.97
209,7,medium,19,Entire,1,-0.97
209,7,medium,29,Entire,1,-0.97
210,11,large,6,Entire,1,-0.97
210,11,large,7,Entire,1,-0.97
210,11,large,20,Entire,1,-0.97
210,11,large,21,Entire,1,-0.97
210,11,large,31,Entire,1,-0.97
211,7,medium,1,Entire,1,-0.97
211,7,medium,2,Entire,1,-0.97
211,7,medium,11,Entire,1,-0.97
211,7,medium,17,Entire,1,-0.97
211,7,medium,29,Entire,1,-0.97
212,7,medium,1,Entire,1,-0.97
212,7,medium,3,Entire,1,-0.97
212,7,medium,4,Entire,1,-0.97
212,7,medium,10,Entire,1,-0.97
212,7,medium,20,Entire,1,-0.97
213,7,medium,1,Entire,1,-0.97
213,7,medium,3,Entire,1,-0.97
213,7,medium,4,Entire,1,-0.97
213,7,medium,10,Entire,1,-0.97
213,7,medium,20,Entire,1,-0.97
214,8,medium,3,Entire,1,-0.97
214,8,medium,4,Entire,1,-0.97
214,8,medium,9,Entire,1,-0.97
214,8,medium,19,Entire,1,-0.97
214,8,medium,34,Entire,1,-0.97
215,9,medium,5,Entire,1,-0.97
215,9,medium,6,Entire,1,-0.97
215,9,medium,12,Entire,0,-0.97
215,9,medium,19,Entire,1,-0.97
215,9,medium,29,Entire,1,-0.97
216,9,medium,6,Entire,1,-0.97
216,9,medium,7,Entire,1,-0.97
216,9,medium,20,Entire,1,-0.97
216,9,medium,21,Entire,1,-0.97
216,9,medium,31,Entire,1,-0.97
217,6,small,1,Entire,1,-0.97
217,6,small,2,Entire,1,-0.97
217,6,small,11,Entire,1,-0.97
217,6,small,17,Entire,1,-0.97
217,6,small,29,Entire,1,-0.97
218,10,large,18,Entire,1,-0.97
218,10,large,19,Entire,1,-0.97
218,10,large,20,Entire,1,-0.97
218,10,large,33,Entire,1,-0.97
218,10,large,35,Entire,1,-0.97
219,7,medium,1,Entire,1,-0.97
219,7,medium,2,Entire,1,-0.97
219,7,medium,15,Entire,1,-0.97
219,7,medium,30,Entire,1,-0.97
219,7,medium,34,Entire,1,-0.97
220,8,medium,1,Entire,1,-0.97
220,8,medium,3,Entire,1,-0.97
220,8,medium,4,Entire,1,-0.97
220,8,medium,10,Entire,1,-0.97
220,8,medium,20,Entire,1,-0.97
221,7,medium,9,Entire,1,-0.97
221,7,medium,11,Entire,1,-0.97
221,7,medium,17,Entire,1,-0.97
221,7,medium,26,Entire,1,-0.97
221,7,medium,32,Entire,1,-0.97
222,7,medium,9,Entire,0,-0.97
222,7,medium,11,Entire,1,-0.97
222,7,medium,17,Entire,1,-0.97
222,7,medium,20,Entire,1,-0.97
222,7,medium,24,Entire,0,-0.97
223,8,medium,2,Entire,1,-0.97
223,8,medium,13,Entire,1,-0.97
223,8,medium,22,Entire,1,-0.97
223,8,medium,29,Entire,1,-0.97
223,8,medium,35,Entire,1,-0.97
224,7,medium,6,Entire,1,-0.97
224,7,medium,9,Entire,1,-0.97
224,7,medium,15,Entire,1,-0.97
224,7,medium,19,Entire,1,-0.97
224,7,medium,25,Entire,1,-0.97
225,7,medium,4,Entire,1,-0.97
225,7,medium,17,Entire,1,-0.97
225,7,medium,22,Entire,1,-0.97
225,7,medium,35,Entire,1,-0.97
225,7,medium,40,Entire,1,-0.97
226,6,small,6,Entire,1,-0.97
226,6,small,17,Entire,1,-0.97
226,6,small,19,Entire,1,-0.97
226,6,small,24,Entire,1,-0.97
226,6,small,36,Entire,1,-0.97
227,7,medium,13,Entire,1,-0.97
227,7,medium,22,Entire,1,-0.97
227,7,medium,23,Entire,1,-0.97
227,7,medium,35,Entire,1,-0.97
227,7,medium,36,Entire,0,-0.97
228,8,medium,2,Entire,1,-0.97
228,8,medium,13,Entire,1,-0.97
228,8,medium,16,Entire,1,-0.97
228,8,medium,20,Entire,1,-0.97
228,8,medium,25,Entire,1,-0.97
229,7,medium,7,Entire,1,-0.97
229,7,medium,12,Entire,1,-0.97
229,7,medium,27,Entire,1,-0.97
229,7,medium,35,Entire,1,-0.97
229,7,medium,36,Entire,1,-0.97
230,10,large,6,Entire,1,-0.97
230,10,large,8,Entire,1,-0.97
230,10,large,13,Entire,1,-0.97
230,10,large,14,Entire,1,-0.97
230,10,large,35,Entire,1,-0.97
231,10,large,5,Entire,1,-0.97
231,10,large,7,Entire,1,-0.97
231,10,large,9,Entire,1,-0.97
231,10,large,29,Entire,1,-0.97
231,10,large,40,Entire,1,-0.97
232,7,medium,1,Entire,1,-0.97
232,7,medium,6,Entire,1,-0.97
232,7,medium,7,Entire,1,-0.97
232,7,medium,15,Entire,1,-0.97
232,7,medium,20,Entire,1,-0.97
233,9,medium,2,Entire,1,-0.97
233,9,medium,11,Entire,1,-0.97
233,9,medium,29,Entire,1,-0.97
233,9,medium,30,Entire,1,-0.97
233,9,medium,31,Entire,1,-0.97
234,8,medium,2,Entire,1,-0.97
234,8,medium,13,Entire,1,-0.97
234,8,medium,22,Entire,1,-0.97
234,8,medium,29,Entire,1,-0.97
234,8,medium,35,Entire,1,-0.97
235,10,large,6,Entire,1,-0.97
235,10,large,9,Entire,1,-0.97
235,10,large,15,Entire,1,-0.97
235,10,large,19,Entire,1,-0.97
235,10,large,25,Entire,1,-0.97
236,8,medium,4,Entire,1,-0.97
236,8,medium,17,Entire,1,-0.97
236,8,medium,22,Entire,1,-0.97
236,8,medium,35,Entire,1,-0.97
236,8,medium,40,Entire,1,-0.97
237,10,large,6,Entire,1,-0.97
237,10,large,17,Entire,1,-0.97
237,10,large,19,Entire,0,-0.97
237,10,large,24,Entire,1,-0.97
237,10,large,36,Entire,1,-0.97
238,7,medium,13,Entire,1,-0.97
238,7,medium,22,Entire,1,-0.97
238,7,medium,23,Entire,1,-0.97
238,7,medium,35,Entire,1,-0.97
238,7,medium,36,Entire,1,-0.97
239,8,medium,2,Entire,1,-0.97
239,8,medium,13,Entire,1,-0.97
239,8,medium,16,Entire,1,-0.97
239,8,medium,20,Entire,1,-0.97
239,8,medium,25,Entire,1,-0.97
240,7,medium,7,Entire,1,-0.97
240,7,medium,12,Entire,0,-0.97
240,7,medium,27,Entire,1,-0.97
240,7,medium,35,Entire,1,-0.97
240,7,medium,36,Entire,1,-0.97
241,10,large,6,Entire,1,-0.97
241,10,large,8,Entire,1,-0.97
241,10,large,13,Entire,1,-0.97
241,10,large,14,Entire,1,-0.97
241,10,large,35,Entire,1,-0.97
242,8,medium,5,Entire,1,-0.97
242,8,medium,7,Entire,1,-0.97
242,8,medium,9,Entire,1,-0.97
242,8,medium,29,Entire,1,-0.97
242,8,medium,40,Entire,1,-0.97
243,6,small,4,Entire,1,-0.97
243,6,small,17,Entire,1,-0.97
243,6,small,22,Entire,1,-0.97
243,6,small,35,Entire,1,-0.97
243,6,small,40,Entire,1,-0.97
244,9,medium,6,Entire,1,-0.97
244,9,medium,17,Entire,1,-0.97
244,9,medium,19,Entire,1,-0.97
244,9,medium,24,Entire,1,-0.97
244,9,medium,36,Entire,1,-0.97
245,9,medium,13,Entire,1,-0.97
245,9,medium,22,Entire,1,-0.97
245,9,medium,23,Entire,1,-0.97
245,9,medium,35,Entire,1,-0.97
245,9,medium,36,Entire,1,-0.97
246,9,medium,2,Entire,1,-0.97
246,9,medium,13,Entire,1,-0.97
246,9,medium,16,Entire,1,-0.97
246,9,medium,20,Entire,1,-0.97
246,9,medium,25,Entire,1,-0.97
247,8,medium,7,Entire,1,-0.97
247,8,medium,12,Entire,1,-0.97
247,8,medium,27,Entire,1,-0.97
247,8,medium,35,Entire,1,-0.97
247,8,medium,36,Entire,1,-0.97
248,6,small,6,Entire,1,-0.97
248,6,small,8,Entire,1,-0.97
248,6,small,13,Entire,0,-0.97
248,6,small,14,Entire,1,-0.97
248,6,small,35,Entire,1,-0.97
249,8,medium,19,Entire,1,-0.97
249,8,medium,24,Entire,1,-0.97
249,8,medium,25,Entire,1,-0.97
249,8,medium,28,Entire,1,-0.97
249,8,medium,31,Entire,1,-0.97
250,7,medium,1,Entire,1,-0.97
250,7,medium,2,Entire,1,-0.97
250,7,medium,3,Entire,1,-0.97
250,7,medium,7,Entire,1,-0.97
250,7,medium,40,Entire,1,-0.97
251,7,medium,2,Entire,1,-0.97
251,7,medium,13,Entire,1,-0.97
251,7,medium,22,Entire,1,-0.97
251,7,medium,29,Entire,1,-0.97
251,7,medium,35,Entire,1,-0.97
252,11,large,2,Entire,1,-0.97
252,11,large,13,Entire,1,-0.97
252,11,large,22,Entire,1,-0.97
252,11,large,29,Entire,1,-0.97
252,11,large,35,Entire,1,-0.97
253,14,xlarge,6,Entire,1,-0.97
253,14,xlarge,9,Entire,1,-0.97
253,14,xlarge,15,Entire,1,-0.97
253,14,xlarge,19,Entire,1,-0.97
253,14,xlarge,25,Entire,1,-0.97
254,15,xlarge,4,Entire,1,-0.97
254,15,xlarge,17,Entire,1,-0.97
254,15,xlarge,22,Entire,1,-0.97
254,15,xlarge,35,Entire,1,-0.97
254,15,xlarge,40,Entire,1,-0.97
255,16,xlarge,6,Entire,1,-0.97
255,16,xlarge,17,Entire,1,-0.97
255,16,xlarge,19,Entire,1,-0.97
255,16,xlarge,24,Entire,1,-0.97
255,16,xlarge,36,Entire,1,-0.97
256,8,medium,13,Entire,1,-0.97
256,8,medium,22,Entire,1,-0.97
256,8,medium,23,Entire,1,-0.97
256,8,medium,35,Entire,1,-0.97
256,8,medium,36,Entire,1,-0.97
258,9,medium,6,Entire,1,-0.97
258,9,medium,17,Entire,1,-0.97
258,9,medium,19,Entire,1,-0.97
258,9,medium,24,Entire,1,-0.97
258,9,medium,36,Entire,1,-0.97
259,13,xlarge,13,Entire,1,-0.97
259,13,xlarge,22,Entire,1,-0.97
259,13,xlarge,23,Entire,1,-0.97
259,13,xlarge,35,Entire,1,-0.97
259,13,xlarge,36,Entire,1,-0.97
260,8,medium,2,Entire,1,-0.97
260,8,medium,13,Entire,1,-0.97
260,8,medium,16,Entire,1,-0.97
260,8,medium,20,Entire,1,-0.97
260,8,medium,25,Entire,1,-0.97
261,8,medium,7,Entire,1,-0.97
261,8,medium,12,Entire,1,-0.97
261,8,medium,27,Entire,1,-0.97
261,8,medium,35,Entire,1,-0.97
261,8,medium,36,Entire,1,-0.97
201,13,xlarge,1,97%,1,-0.96
201,13,xlarge,7,97%,1,-0.96
201,13,xlarge,19,97%,1,-0.96
201,13,xlarge,22,97%,1,-0.96
202,7,medium,18,97%,1,-0.96
202,7,medium,28,97%,1,-0.96
203,8,medium,7,97%,1,-0.96
203,8,medium,9,97%,1,-0.96
203,8,medium,14,97%,1,-0.96
203,8,medium,26,97%,1,-0.96
203,8,medium,30,97%,1,-0.96
204,8,medium,3,97%,0,-0.96
204,8,medium,8,97%,1,-0.96
204,8,medium,11,97%,1,-0.96
204,8,medium,21,97%,0,-0.96
204,8,medium,34,97%,0,-0.96
205,9,medium,17,97%,1,-0.96
205,9,medium,23,97%,1,-0.96
205,9,medium,24,97%,1,-0.96
205,9,medium,31,97%,0,-0.96
205,9,medium,34,97%,1,-0.96
206,7,medium,3,97%,1,-0.96
206,7,medium,10,97%,1,-0.96
206,7,medium,14,97%,1,-0.96
206,7,medium,19,97%,1,-0.96
206,7,medium,30,97%,1,-0.96
207,9,medium,6,97%,0,-0.96
207,9,medium,16,97%,0,-0.96
207,9,medium,25,97%,0,-0.96
207,9,medium,27,97%,1,-0.96
207,9,medium,28,97%,1,-0.96
208,9,medium,11,97%,1,-0.96
208,9,medium,24,97%,0,-0.96
208,9,medium,31,97%,0,-0.96
208,9,medium,33,97%,1,-0.96
209,7,medium,30,97%,1,-0.96
209,7,medium,32,97%,0,-0.96
209,7,medium,34,97%,0,-0.96
210,11,large,13,97%,1,-0.96
210,11,large,22,97%,1,-0.96
210,11,large,23,97%,1,-0.96
210,11,large,24,97%,1,-0.96
210,11,large,25,97%,1,-0.96
211,7,medium,16,97%,1,-0.96
211,7,medium,20,97%,1,-0.96
211,7,medium,25,97%,1,-0.96
211,7,medium,27,97%,1,-0.96
211,7,medium,30,97%,1,-0.96
212,7,medium,6,97%,1,-0.96
212,7,medium,16,97%,1,-0.96
212,7,medium,25,97%,1,-0.96
212,7,medium,27,97%,1,-0.96
212,7,medium,28,97%,1,-0.96
213,7,medium,6,97%,1,-0.96
213,7,medium,16,97%,1,-0.96
213,7,medium,25,97%,0,-0.96
213,7,medium,27,97%,1,-0.96
213,7,medium,28,97%,0,-0.96
214,8,medium,1,97%,1,-0.96
214,8,medium,11,97%,1,-0.96
214,8,medium,24,97%,1,-0.96
214,8,medium,31,97%,1,-0.96
214,8,medium,33,97%,0,-0.96
215,9,medium,8,97%,1,-0.96
215,9,medium,10,97%,0,-0.96
215,9,medium,30,97%,1,-0.96
215,9,medium,32,97%,0,-0.96
215,9,medium,34,97%,0,-0.96
216,9,medium,13,97%,0,-0.96
216,9,medium,22,97%,1,-0.96
216,9,medium,23,97%,1,-0.96
216,9,medium,24,97%,1,-0.96
216,9,medium,25,97%,0,-0.96
217,6,small,16,97%,1,-0.96
217,6,small,25,97%,1,-0.96
218,10,large,2,97%,1,-0.96
218,10,large,12,97%,1,-0.96
218,10,large,23,97%,1,-0.96
218,10,large,24,97%,1,-0.96
218,10,large,26,97%,1,-0.96
219,7,medium,8,97%,0,-0.96
219,7,medium,12,97%,1,-0.96
219,7,medium,17,97%,1,-0.96
219,7,medium,25,97%,0,-0.96
219,7,medium,31,97%,0,-0.96
220,8,medium,6,97%,1,-0.96
220,8,medium,16,97%,1,-0.96
220,8,medium,25,97%,1,-0.96
220,8,medium,27,97%,1,-0.96
220,8,medium,28,97%,1,-0.96
221,7,medium,8,97%,1,-0.96
221,7,medium,14,97%,1,-0.96
221,7,medium,40,97%,0,-0.96
222,7,medium,18,97%,0,-0.96
222,7,medium,19,97%,1,-0.96
222,7,medium,29,97%,0,-0.96
222,7,medium,36,97%,0,-0.96
222,7,medium,38,97%,0,-0.96
223,8,medium,7,97%,1,-0.96
223,8,medium,18,97%,1,-0.96
223,8,medium,28,97%,1,-0.96
223,8,medium,31,97%,1,-0.96
223,8,medium,32,97%,1,-0.96
224,7,medium,5,97%,0,-0.96
224,7,medium,16,97%,1,-0.96
224,7,medium,33,97%,1,-0.96
225,7,medium,15,97%,1,-0.96
225,7,medium,23,97%,1,-0.96
225,7,medium,26,97%,1,-0.96
225,7,medium,38,97%,1,-0.96
226,6,small,1,97%,1,-0.96
226,6,small,5,97%,1,-0.96
226,6,small,30,97%,1,-0.96
226,6,small,32,97%,1,-0.96
226,6,small,40,97%,1,-0.96
227,7,medium,11,97%,1,-0.96
227,7,medium,16,97%,1,-0.96
227,7,medium,17,97%,1,-0.96
228,8,medium,17,97%,1,-0.96
228,8,medium,18,97%,1,-0.96
228,8,medium,26,97%,1,-0.96
228,8,medium,32,97%,1,-0.96
229,7,medium,1,97%,0,-0.96
229,7,medium,3,97%,1,-0.96
229,7,medium,11,97%,1,-0.96
229,7,medium,33,97%,1,-0.96
229,7,medium,38,97%,1,-0.96
230,10,large,2,97%,1,-0.96
230,10,large,16,97%,0,-0.96
230,10,large,30,97%,1,-0.96
230,10,large,38,97%,1,-0.96
231,10,large,3,97%,1,-0.96
231,10,large,16,97%,1,-0.96
231,10,large,33,97%,1,-0.96
232,7,medium,2,97%,1,-0.96
232,7,medium,24,97%,1,-0.96
232,7,medium,31,97%,1,-0.96
232,7,medium,37,97%,1,-0.96
233,9,medium,5,97%,0,-0.96
233,9,medium,15,97%,0,-0.96
233,9,medium,32,97%,1,-0.96
234,8,medium,18,97%,0,-0.96
234,8,medium,28,97%,1,-0.96
235,10,large,17,97%,0,-0.96
235,10,large,34,97%,1,-0.96
236,8,medium,15,97%,1,-0.96
236,8,medium,23,97%,0,-0.96
236,8,medium,36,97%,1,-0.96
236,8,medium,38,97%,1,-0.96
237,10,large,1,97%,1,-0.96
237,10,large,5,97%,1,-0.96
237,10,large,30,97%,0,-0.96
237,10,large,32,97%,0,-0.96
237,10,large,40,97%,1,-0.96
238,7,medium,5,97%,1,-0.96
238,7,medium,16,97%,1,-0.96
238,7,medium,17,97%,1,-0.96
239,8,medium,17,97%,1,-0.96
239,8,medium,18,97%,1,-0.96
239,8,medium,26,97%,1,-0.96
239,8,medium,32,97%,0,-0.96
239,8,medium,34,97%,1,-0.96
240,7,medium,1,97%,0,-0.96
240,7,medium,11,97%,0,-0.96
240,7,medium,38,97%,0,-0.96
241,10,large,2,97%,1,-0.96
241,10,large,16,97%,1,-0.96
241,10,large,18,97%,1,-0.96
241,10,large,30,97%,1,-0.96
241,10,large,38,97%,1,-0.96
242,8,medium,3,97%,1,-0.96
242,8,medium,16,97%,1,-0.96
242,8,medium,33,97%,1,-0.96
242,8,medium,34,97%,1,-0.96
243,6,small,15,97%,1,-0.96
243,6,small,23,97%,1,-0.96
243,6,small,26,97%,1,-0.96
243,6,small,36,97%,1,-0.96
243,6,small,38,97%,1,-0.96
244,9,medium,5,97%,0,-0.96
244,9,medium,30,97%,1,-0.96
244,9,medium,32,97%,1,-0.96
245,9,medium,5,97%,1,-0.96
245,9,medium,11,97%,1,-0.96
245,9,medium,17,97%,1,-0.96
246,9,medium,26,97%,1,-0.96
246,9,medium,32,97%,1,-0.96
246,9,medium,34,97%,1,-0.96
247,8,medium,1,97%,1,-0.96
247,8,medium,3,97%,1,-0.96
247,8,medium,11,97%,1,-0.96
247,8,medium,33,97%,0,-0.96
247,8,medium,38,97%,1,-0.96
248,6,small,2,97%,1,-0.96
248,6,small,18,97%,1,-0.96
248,6,small,38,97%,0,-0.96
249,8,medium,9,97%,0,-0.96
249,8,medium,11,97%,1,-0.96
249,8,medium,16,97%,1,-0.96
249,8,medium,29,97%,1,-0.96
249,8,medium,38,97%,1,-0.96
250,7,medium,6,97%,1,-0.96
250,7,medium,24,97%,1,-0.96
250,7,medium,28,97%,1,-0.96
250,7,medium,31,97%,1,-0.96
250,7,medium,39,97%,1,-0.96
251,7,medium,7,97%,1,-0.96
251,7,medium,28,97%,1,-0.96
251,7,medium,31,97%,1,-0.96
252,11,large,18,97%,1,-0.96
252,11,large,31,97%,1,-0.96
253,14,xlarge,5,97%,1,-0.96
253,14,xlarge,33,97%,1,-0.96
253,14,xlarge,34,97%,1,-0.96
254,15,xlarge,15,97%,1,-0.96
254,15,xlarge,23,97%,1,-0.96
254,15,xlarge,26,97%,1,-0.96
254,15,xlarge,38,97%,1,-0.96
255,16,xlarge,1,97%,1,-0.96
255,16,xlarge,5,97%,1,-0.96
255,16,xlarge,32,97%,1,-0.96
255,16,xlarge,40,97%,1,-0.96
256,8,medium,16,97%,1,-0.96
256,8,medium,34,97%,1,-0.96
258,9,medium,30,97%,1,-0.96
258,9,medium,32,97%,1,-0.96
259,13,xlarge,5,97%,1,-0.96
259,13,xlarge,11,97%,1,-0.96
259,13,xlarge,16,97%,1,-0.96
259,13,xlarge,17,97%,1,-0.96
259,13,xlarge,34,97%,1,-0.96
260,8,medium,26,97%,1,-0.96
260,8,medium,32,97%,1,-0.96
261,8,medium,1,97%,1,-0.96
261,8,medium,3,97%,1,-0.96
261,8,medium,33,97%,1,-0.96
261,8,medium,38,97%,1,-0.96
201,13,xlarge,3,-90%,1,-0.9
201,13,xlarge,27,-90%,1,-0.9
202,7,medium,8,-90%,1,-0.9
202,7,medium,14,-90%,1,-0.9
202,7,medium,20,-90%,1,-0.9
202,7,medium,32,-90%,1,-0.9
203,8,medium,8,-90%,1,-0.9
203,8,medium,16,-90%,1,-0.9
203,8,medium,27,-90%,1,-0.9
203,8,medium,29,-90%,1,-0.9
204,8,medium,1,-90%,1,-0.9
204,8,medium,2,-90%,1,-0.9
204,8,medium,5,-90%,1,-0.9
204,8,medium,25,-90%,1,-0.9
204,8,medium,27,-90%,1,-0.9
205,9,medium,6,-90%,1,-0.9
205,9,medium,14,-90%,1,-0.9
205,9,medium,22,-90%,1,-0.9
205,9,medium,25,-90%,1,-0.9
205,9,medium,28,-90%,1,-0.9
206,7,medium,1,-90%,1,-0.9
206,7,medium,16,-90%,1,-0.9
206,7,medium,22,-90%,1,-0.9
206,7,medium,28,-90%,1,-0.9
206,7,medium,33,-90%,0,-0.9
207,9,medium,5,-90%,1,-0.9
207,9,medium,11,-90%,0,-0.9
207,9,medium,15,-90%,0,-0.9
207,9,medium,32,-90%,0,-0.9
207,9,medium,34,-90%,1,-0.9
208,9,medium,13,-90%,1,-0.9
208,9,medium,29,-90%,1,-0.9
208,9,medium,30,-90%,1,-0.9
209,7,medium,7,-90%,0,-0.9
209,7,medium,9,-90%,0,-0.9
209,7,medium,14,-90%,1,-0.9
209,7,medium,18,-90%,0,-0.9
209,7,medium,25,-90%,0,-0.9
210,11,large,3,-90%,0,-0.9
210,11,large,9,-90%,1,-0.9
210,11,large,11,-90%,1,-0.9
210,11,large,18,-90%,1,-0.9
210,11,large,33,-90%,1,-0.9
211,7,medium,5,-90%,1,-0.9
211,7,medium,8,-90%,1,-0.9
211,7,medium,10,-90%,1,-0.9
211,7,medium,12,-90%,1,-0.9
211,7,medium,13,-90%,1,-0.9
212,7,medium,5,-90%,1,-0.9
212,7,medium,15,-90%,1,-0.9
212,7,medium,32,-90%,1,-0.9
212,7,medium,34,-90%,1,-0.9
213,7,medium,5,-90%,1,-0.9
213,7,medium,11,-90%,0,-0.9
213,7,medium,15,-90%,1,-0.9
213,7,medium,32,-90%,1,-0.9
213,7,medium,34,-90%,1,-0.9
214,8,medium,6,-90%,1,-0.9
214,8,medium,13,-90%,1,-0.9
214,8,medium,14,-90%,1,-0.9
214,8,medium,29,-90%,1,-0.9
214,8,medium,30,-90%,1,-0.9
215,9,medium,7,-90%,0,-0.9
215,9,medium,9,-90%,0,-0.9
215,9,medium,14,-90%,0,-0.9
215,9,medium,18,-90%,0,-0.9
215,9,medium,25,-90%,1,-0.9
216,9,medium,9,-90%,0,-0.9
216,9,medium,11,-90%,1,-0.9
216,9,medium,33,-90%,1,-0.9
217,6,small,5,-90%,1,-0.9
217,6,small,8,-90%,1,-0.9
217,6,small,12,-90%,1,-0.9
218,10,large,4,-90%,1,-0.9
218,10,large,5,-90%,1,-0.9
218,10,large,17,-90%,1,-0.9
218,10,large,25,-90%,0,-0.9
218,10,large,27,-90%,1,-0.9
219,7,medium,5,-90%,0,-0.9
219,7,medium,7,-90%,0,-0.9
219,7,medium,10,-90%,1,-0.9
219,7,medium,11,-90%,1,-0.9
219,7,medium,23,-90%,0,-0.9
220,8,medium,11,-90%,1,-0.9
220,8,medium,15,-90%,1,-0.9
220,8,medium,32,-90%,1,-0.9
220,8,medium,34,-90%,1,-0.9
221,7,medium,2,-90%,0,-0.9
221,7,medium,5,-90%,0,-0.9
221,7,medium,15,-90%,1,-0.9
221,7,medium,34,-90%,1,-0.9
222,7,medium,1,-90%,0,-0.9
222,7,medium,2,-90%,0,-0.9
222,7,medium,5,-90%,1,-0.9
222,7,medium,35,-90%,0,-0.9
222,7,medium,39,-90%,0,-0.9
223,8,medium,6,-90%,1,-0.9
223,8,medium,12,-90%,1,-0.9
223,8,medium,17,-90%,1,-0.9
223,8,medium,37,-90%,1,-0.9
223,8,medium,39,-90%,1,-0.9
224,7,medium,20,-90%,1,-0.9
224,7,medium,26,-90%,1,-0.9
224,7,medium,30,-90%,1,-0.9
224,7,medium,32,-90%,1,-0.9
225,7,medium,16,-90%,1,-0.9
225,7,medium,24,-90%,1,-0.9
226,6,small,4,-90%,1,-0.9
226,6,small,15,-90%,1,-0.9
226,6,small,31,-90%,1,-0.9
226,6,small,34,-90%,1,-0.9
227,7,medium,39,-90%,1,-0.9
227,7,medium,40,-90%,1,-0.9
228,8,medium,27,-90%,1,-0.9
228,8,medium,28,-90%,1,-0.9
228,8,medium,31,-90%,1,-0.9
228,8,medium,36,-90%,1,-0.9
228,8,medium,39,-90%,1,-0.9
229,7,medium,9,-90%,1,-0.9
229,7,medium,16,-90%,0,-0.9
229,7,medium,17,-90%,0,-0.9
229,7,medium,22,-90%,1,-0.9
229,7,medium,30,-90%,1,-0.9
230,10,large,22,-90%,0,-0.9
230,10,large,23,-90%,1,-0.9
230,10,large,24,-90%,1,-0.9
230,10,large,32,-90%,1,-0.9
230,10,large,36,-90%,1,-0.9
231,10,large,17,-90%,1,-0.9
231,10,large,18,-90%,1,-0.9
232,7,medium,5,-90%,0,-0.9
232,7,medium,22,-90%,1,-0.9
232,7,medium,35,-90%,1,-0.9
232,7,medium,39,-90%,1,-0.9
233,9,medium,1,-90%,1,-0.9
233,9,medium,12,-90%,0,-0.9
233,9,medium,27,-90%,1,-0.9
233,9,medium,33,-90%,1,-0.9
234,8,medium,6,-90%,1,-0.9
234,8,medium,12,-90%,1,-0.9
234,8,medium,17,-90%,0,-0.9
236,8,medium,12,-90%,1,-0.9
236,8,medium,16,-90%,1,-0.9
236,8,medium,32,-90%,1,-0.9
237,10,large,4,-90%,1,-0.9
237,10,large,15,-90%,1,-0.9
237,10,large,20,-90%,0,-0.9
237,10,large,31,-90%,1,-0.9
237,10,large,34,-90%,0,-0.9
238,7,medium,3,-90%,0,-0.9
238,7,medium,6,-90%,0,-0.9
238,7,medium,25,-90%,1,-0.9
238,7,medium,40,-90%,0,-0.9
239,8,medium,27,-90%,1,-0.9
239,8,medium,28,-90%,1,-0.9
239,8,medium,31,-90%,1,-0.9
239,8,medium,36,-90%,1,-0.9
239,8,medium,39,-90%,1,-0.9
240,7,medium,9,-90%,1,-0.9
240,7,medium,16,-90%,0,-0.9
240,7,medium,17,-90%,0,-0.9
240,7,medium,22,-90%,0,-0.9
241,10,large,22,-90%,1,-0.9
241,10,large,23,-90%,1,-0.9
241,10,large,24,-90%,0,-0.9
241,10,large,36,-90%,1,-0.9
242,8,medium,17,-90%,0,-0.9
242,8,medium,18,-90%,1,-0.9
242,8,medium,27,-90%,1,-0.9
243,6,small,16,-90%,0,-0.9
243,6,small,24,-90%,1,-0.9
243,6,small,32,-90%,1,-0.9
244,9,medium,4,-90%,1,-0.9
244,9,medium,15,-90%,1,-0.9
244,9,medium,20,-90%,0,-0.9
244,9,medium,31,-90%,1,-0.9
245,9,medium,3,-90%,1,-0.9
245,9,medium,6,-90%,1,-0.9
245,9,medium,25,-90%,1,-0.9
246,9,medium,36,-90%,0,-0.9
246,9,medium,39,-90%,1,-0.9
247,8,medium,9,-90%,1,-0.9
247,8,medium,16,-90%,1,-0.9
247,8,medium,17,-90%,1,-0.9
247,8,medium,22,-90%,1,-0.9
247,8,medium,30,-90%,1,-0.9
248,6,small,22,-90%,1,-0.9
248,6,small,23,-90%,0,-0.9
248,6,small,24,-90%,0,-0.9
248,6,small,36,-90%,1,-0.9
249,8,medium,2,-90%,1,-0.9
249,8,medium,17,-90%,1,-0.9
249,8,medium,26,-90%,1,-0.9
249,8,medium,30,-90%,1,-0.9
250,7,medium,5,-90%,1,-0.9
250,7,medium,8,-90%,1,-0.9
250,7,medium,14,-90%,1,-0.9
250,7,medium,22,-90%,1,-0.9
250,7,medium,32,-90%,1,-0.9
251,7,medium,6,-90%,1,-0.9
251,7,medium,37,-90%,1,-0.9
251,7,medium,39,-90%,1,-0.9
252,11,large,6,-90%,1,-0.9
252,11,large,12,-90%,1,-0.9
252,11,large,17,-90%,1,-0.9
252,11,large,37,-90%,1,-0.9
252,11,large,39,-90%,1,-0.9
253,14,xlarge,18,-90%,0,-0.9
253,14,xlarge,20,-90%,1,-0.9
253,14,xlarge,32,-90%,1,-0.9
254,15,xlarge,12,-90%,1,-0.9
254,15,xlarge,16,-90%,0,-0.9
254,15,xlarge,24,-90%,0,-0.9
254,15,xlarge,31,-90%,1,-0.9
254,15,xlarge,32,-90%,0,-0.9
255,16,xlarge,4,-90%,0,-0.9
255,16,xlarge,15,-90%,1,-0.9
255,16,xlarge,20,-90%,1,-0.9
255,16,xlarge,31,-90%,0,-0.9
255,16,xlarge,34,-90%,1,-0.9
256,8,medium,3,-90%,1,-0.9
256,8,medium,25,-90%,0,-0.9
258,9,medium,4,-90%,1,-0.9
258,9,medium,15,-90%,1,-0.9
258,9,medium,31,-90%,1,-0.9
258,9,medium,34,-90%,1,-0.9
259,13,xlarge,3,-90%,1,-0.9
259,13,xlarge,6,-90%,1,-0.9
259,13,xlarge,25,-90%,0,-0.9
259,13,xlarge,39,-90%,1,-0.9
259,13,xlarge,40,-90%,1,-0.9
261,8,medium,9,-90%,1,-0.9
261,8,medium,16,-90%,1,-0.9
261,8,medium,17,-90%,1,-0.9
261,8,medium,30,-90%,1,-0.9
201,13,xlarge,2,54%,0,-0.52
201,13,xlarge,21,54%,1,-0.52
201,13,xlarge,28,54%,0,-0.52
202,7,medium,1,54%,1,-0.52
202,7,medium,25,54%,1,-0.52
202,7,medium,27,54%,1,-0.52
202,7,medium,34,54%,1,-0.52
203,8,medium,2,54%,0,-0.52
203,8,medium,5,54%,0,-0.52
203,8,medium,24,54%,0,-0.52
204,8,medium,9,54%,0,-0.52
204,8,medium,16,54%,1,-0.52
204,8,medium,20,54%,1,-0.52
204,8,medium,24,54%,1,-0.52
204,8,medium,28,54%,0,-0.52
205,9,medium,3,54%,0,-0.52
205,9,medium,5,54%,0,-0.52
205,9,medium,8,54%,0,-0.52
205,9,medium,30,54%,0,-0.52
206,7,medium,8,54%,1,-0.52
206,7,medium,15,54%,1,-0.52
206,7,medium,20,54%,1,-0.52
206,7,medium,21,54%,0,-0.52
206,7,medium,34,54%,0,-0.52
207,9,medium,8,54%,0,-0.52
207,9,medium,14,54%,1,-0.52
207,9,medium,24,54%,1,-0.52
207,9,medium,31,54%,0,-0.52
207,9,medium,35,54%,0,-0.52
208,9,medium,15,54%,0,-0.52
208,9,medium,16,54%,1,-0.52
208,9,medium,21,54%,1,-0.52
208,9,medium,26,54%,1,-0.52
208,9,medium,28,54%,0,-0.52
209,7,medium,15,54%,0,-0.52
209,7,medium,21,54%,0,-0.52
209,7,medium,24,54%,1,-0.52
209,7,medium,31,54%,0,-0.52
209,7,medium,33,54%,0,-0.52
210,11,large,2,54%,0,-0.52
210,11,large,17,54%,1,-0.52
210,11,large,19,54%,1,-0.52
210,11,large,29,54%,0,-0.52
210,11,large,35,54%,0,-0.52
211,7,medium,3,54%,0,-0.52
211,7,medium,22,54%,1,-0.52
211,7,medium,24,54%,1,-0.52
211,7,medium,32,54%,1,-0.52
211,7,medium,34,54%,1,-0.52
212,7,medium,8,54%,0,-0.52
212,7,medium,14,54%,1,-0.52
212,7,medium,31,54%,1,-0.52
212,7,medium,35,54%,1,-0.52
213,7,medium,8,54%,1,-0.52
213,7,medium,14,54%,1,-0.52
213,7,medium,24,54%,0,-0.52
213,7,medium,31,54%,1,-0.52
213,7,medium,35,54%,1,-0.52
214,8,medium,15,54%,0,-0.52
214,8,medium,16,54%,1,-0.52
214,8,medium,21,54%,1,-0.52
214,8,medium,26,54%,0,-0.52
214,8,medium,28,54%,1,-0.52
215,9,medium,15,54%,0,-0.52
215,9,medium,21,54%,0,-0.52
215,9,medium,24,54%,0,-0.52
215,9,medium,31,54%,0,-0.52
215,9,medium,33,54%,0,-0.52
216,9,medium,2,54%,0,-0.52
216,9,medium,17,54%,0,-0.52
216,9,medium,29,54%,1,-0.52
216,9,medium,35,54%,1,-0.52
217,6,small,3,54%,1,-0.52
217,6,small,22,54%,0,-0.52
217,6,small,32,54%,1,-0.52
217,6,small,34,54%,0,-0.52
218,10,large,1,54%,0,-0.52
218,10,large,3,54%,0,-0.52
218,10,large,8,54%,0,-0.52
218,10,large,21,54%,0,-0.52
218,10,large,29,54%,0,-0.52
219,7,medium,6,54%,0,-0.52
219,7,medium,18,54%,0,-0.52
219,7,medium,22,54%,0,-0.52
219,7,medium,32,54%,0,-0.52
219,7,medium,33,54%,0,-0.52
220,8,medium,8,54%,0,-0.52
220,8,medium,14,54%,0,-0.52
220,8,medium,24,54%,1,-0.52
220,8,medium,31,54%,0,-0.52
220,8,medium,35,54%,1,-0.52
221,7,medium,10,54%,0,-0.52
221,7,medium,13,54%,0,-0.52
221,7,medium,18,54%,1,-0.52
221,7,medium,23,54%,0,-0.52
221,7,medium,38,54%,0,-0.52
222,7,medium,13,54%,0,-0.52
222,7,medium,21,54%,0,-0.52
222,7,medium,23,54%,0,-0.52
222,7,medium,25,54%,0,-0.52
222,7,medium,32,54%,0,-0.52
223,8,medium,8,54%,0,-0.52
223,8,medium,15,54%,0,-0.52
223,8,medium,26,54%,0,-0.52
223,8,medium,33,54%,0,-0.52
223,8,medium,38,54%,0,-0.52
224,7,medium,7,54%,1,-0.52
224,7,medium,14,54%,1,-0.52
224,7,medium,21,54%,1,-0.52
224,7,medium,24,54%,1,-0.52
224,7,medium,40,54%,1,-0.52
225,7,medium,1,54%,0,-0.52
225,7,medium,6,54%,1,-0.52
225,7,medium,19,54%,1,-0.52
225,7,medium,25,54%,0,-0.52
226,6,small,8,54%,1,-0.52
226,6,small,9,54%,1,-0.52
226,6,small,27,54%,1,-0.52
226,6,small,28,54%,1,-0.52
226,6,small,35,54%,0,-0.52
227,7,medium,7,54%,0,-0.52
227,7,medium,20,54%,1,-0.52
227,7,medium,27,54%,0,-0.52
227,7,medium,28,54%,0,-0.52
227,7,medium,30,54%,1,-0.52
228,8,medium,8,54%,1,-0.52
228,8,medium,9,54%,1,-0.52
228,8,medium,22,54%,1,-0.52
229,7,medium,14,54%,1,-0.52
229,7,medium,15,54%,1,-0.52
229,7,medium,23,54%,1,-0.52
229,7,medium,25,54%,1,-0.52
229,7,medium,40,54%,1,-0.52
230,10,large,10,54%,0,-0.52
230,10,large,15,54%,1,-0.52
230,10,large,28,54%,1,-0.52
230,10,large,40,54%,1,-0.52
231,10,large,14,54%,1,-0.52
231,10,large,15,54%,1,-0.52
231,10,large,22,54%,1,-0.52
232,7,medium,4,54%,0,-0.52
232,7,medium,10,54%,1,-0.52
232,7,medium,19,54%,1,-0.52
232,7,medium,25,54%,0,-0.52
232,7,medium,27,54%,1,-0.52
233,9,medium,6,54%,0,-0.52
233,9,medium,13,54%,0,-0.52
233,9,medium,25,54%,0,-0.52
233,9,medium,40,54%,0,-0.52
234,8,medium,8,54%,0,-0.52
234,8,medium,15,54%,1,-0.52
234,8,medium,26,54%,1,-0.52
235,10,large,21,54%,0,-0.52
235,10,large,24,54%,1,-0.52
235,10,large,40,54%,1,-0.52
236,8,medium,1,54%,0,-0.52
236,8,medium,6,54%,1,-0.52
236,8,medium,14,54%,1,-0.52
236,8,medium,19,54%,1,-0.52
236,8,medium,25,54%,1,-0.52
237,10,large,8,54%,1,-0.52
237,10,large,9,54%,0,-0.52
237,10,large,27,54%,0,-0.52
237,10,large,28,54%,0,-0.52
237,10,large,35,54%,0,-0.52
238,7,medium,7,54%,1,-0.52
238,7,medium,20,54%,1,-0.52
238,7,medium,27,54%,1,-0.52
238,7,medium,28,54%,1,-0.52
238,7,medium,30,54%,1,-0.52
239,8,medium,3,54%,0,-0.52
239,8,medium,5,54%,1,-0.52
239,8,medium,8,54%,1,-0.52
239,8,medium,9,54%,1,-0.52
239,8,medium,22,54%,1,-0.52
240,7,medium,14,54%,0,-0.52
240,7,medium,15,54%,0,-0.52
240,7,medium,23,54%,0,-0.52
240,7,medium,25,54%,0,-0.52
240,7,medium,40,54%,0,-0.52
241,10,large,10,54%,1,-0.52
241,10,large,15,54%,1,-0.52
241,10,large,19,54%,0,-0.52
241,10,large,28,54%,1,-0.52
241,10,large,40,54%,1,-0.52
242,8,medium,4,54%,1,-0.52
242,8,medium,14,54%,0,-0.52
242,8,medium,15,54%,0,-0.52
242,8,medium,22,54%,1,-0.52
243,6,small,1,54%,0,-0.52
243,6,small,6,54%,0,-0.52
243,6,small,14,54%,1,-0.52
243,6,small,19,54%,1,-0.52
244,9,medium,8,54%,0,-0.52
244,9,medium,9,54%,1,-0.52
244,9,medium,27,54%,0,-0.52
244,9,medium,28,54%,0,-0.52
245,9,medium,7,54%,0,-0.52
245,9,medium,27,54%,1,-0.52
245,9,medium,28,54%,1,-0.52
245,9,medium,30,54%,1,-0.52
246,9,medium,3,54%,0,-0.52
246,9,medium,5,54%,0,-0.52
246,9,medium,8,54%,0,-0.52
246,9,medium,9,54%,0,-0.52
246,9,medium,22,54%,0,-0.52
247,8,medium,14,54%,1,-0.52
247,8,medium,15,54%,1,-0.52
247,8,medium,23,54%,1,-0.52
247,8,medium,25,54%,0,-0.52
247,8,medium,40,54%,0,-0.52
248,6,small,15,54%,1,-0.52
248,6,small,19,54%,1,-0.52
248,6,small,40,54%,1,-0.52
249,8,medium,3,54%,0,-0.52
249,8,medium,14,54%,0,-0.52
249,8,medium,22,54%,0,-0.52
249,8,medium,35,54%,0,-0.52
250,7,medium,9,54%,1,-0.52
250,7,medium,13,54%,1,-0.52
250,7,medium,23,54%,1,-0.52
250,7,medium,35,54%,1,-0.52
250,7,medium,36,54%,1,-0.52
251,7,medium,8,54%,0,-0.52
251,7,medium,15,54%,1,-0.52
251,7,medium,26,54%,1,-0.52
251,7,medium,33,54%,1,-0.52
251,7,medium,38,54%,0,-0.52
252,11,large,15,54%,1,-0.52
252,11,large,26,54%,1,-0.52
252,11,large,38,54%,1,-0.52
253,14,xlarge,7,54%,1,-0.52
253,14,xlarge,14,54%,1,-0.52
253,14,xlarge,40,54%,1,-0.52
254,15,xlarge,1,54%,0,-0.52
254,15,xlarge,6,54%,0,-0.52
254,15,xlarge,14,54%,0,-0.52
254,15,xlarge,19,54%,0,-0.52
254,15,xlarge,25,54%,1,-0.52
255,16,xlarge,8,54%,1,-0.52
255,16,xlarge,9,54%,1,-0.52
255,16,xlarge,27,54%,0,-0.52
255,16,xlarge,28,54%,0,-0.52
255,16,xlarge,35,54%,1,-0.52
256,8,medium,20,54%,1,-0.52
256,8,medium,27,54%,1,-0.52
258,9,medium,35,54%,1,-0.52
259,13,xlarge,7,54%,0,-0.52
259,13,xlarge,20,54%,1,-0.52
259,13,xlarge,27,54%,1,-0.52
259,13,xlarge,28,54%,1,-0.52
259,13,xlarge,30,54%,0,-0.52
260,8,medium,3,54%,1,-0.52
260,8,medium,5,54%,1,-0.52
260,8,medium,8,54%,1,-0.52
261,8,medium,40,54%,1,-0.52
201,13,xlarge,29,0.4,1,-0.73
201,13,xlarge,30,0.4,1,-0.73
201,13,xlarge,31,0.4,1,-0.73
201,13,xlarge,32,0.4,1,-0.73
201,13,xlarge,33,0.4,1,-0.73
202,7,medium,37,0.4,1,-0.73
202,7,medium,38,0.4,1,-0.73
202,7,medium,39,0.4,0,-0.73
202,7,medium,40,0.4,0,-0.73
203,8,medium,36,0.4,1,-0.73
203,8,medium,37,0.4,0,-0.73
203,8,medium,38,0.4,0,-0.73
203,8,medium,39,0.4,0,-0.73
203,8,medium,40,0.4,0,-0.73
204,8,medium,36,0.4,1,-0.73
204,8,medium,37,0.4,1,-0.73
204,8,medium,38,0.4,1,-0.73
204,8,medium,39,0.4,1,-0.73
204,8,medium,40,0.4,0,-0.73
205,9,medium,36,0.4,1,-0.73
205,9,medium,37,0.4,0,-0.73
205,9,medium,38,0.4,0,-0.73
205,9,medium,39,0.4,0,-0.73
205,9,medium,40,0.4,0,-0.73
206,7,medium,36,0.4,0,-0.73
206,7,medium,37,0.4,1,-0.73
206,7,medium,38,0.4,1,-0.73
206,7,medium,39,0.4,0,-0.73
206,7,medium,40,0.4,0,-0.73
207,9,medium,36,0.4,0,-0.73
207,9,medium,37,0.4,1,-0.73
207,9,medium,39,0.4,0,-0.73
207,9,medium,40,0.4,0,-0.73
208,9,medium,36,0.4,1,-0.73
208,9,medium,37,0.4,1,-0.73
208,9,medium,38,0.4,1,-0.73
209,7,medium,36,0.4,1,-0.73
209,7,medium,37,0.4,1,-0.73
209,7,medium,38,0.4,1,-0.73
209,7,medium,39,0.4,1,-0.73
209,7,medium,40,0.4,1,-0.73
210,11,large,36,0.4,0,-0.73
210,11,large,37,0.4,1,-0.73
210,11,large,38,0.4,0,-0.73
210,11,large,39,0.4,0,-0.73
210,11,large,40,0.4,1,-0.73
211,7,medium,36,0.4,1,-0.73
211,7,medium,37,0.4,1,-0.73
211,7,medium,38,0.4,0,-0.73
211,7,medium,39,0.4,1,-0.73
211,7,medium,40,0.4,1,-0.73
212,7,medium,36,0.4,0,-0.73
212,7,medium,37,0.4,0,-0.73
212,7,medium,38,0.4,1,-0.73
212,7,medium,39,0.4,1,-0.73
212,7,medium,40,0.4,0,-0.73
213,7,medium,36,0.4,1,-0.73
213,7,medium,37,0.4,1,-0.73
213,7,medium,38,0.4,1,-0.73
213,7,medium,39,0.4,1,-0.73
213,7,medium,40,0.4,1,-0.73
214,8,medium,36,0.4,1,-0.73
214,8,medium,37,0.4,0,-0.73
214,8,medium,38,0.4,1,-0.73
214,8,medium,39,0.4,0,-0.73
214,8,medium,40,0.4,1,-0.73
215,9,medium,36,0.4,0,-0.73
215,9,medium,37,0.4,0,-0.73
215,9,medium,38,0.4,0,-0.73
215,9,medium,39,0.4,0,-0.73
215,9,medium,40,0.4,0,-0.73
216,9,medium,36,0.4,1,-0.73
216,9,medium,37,0.4,0,-0.73
216,9,medium,38,0.4,1,-0.73
216,9,medium,39,0.4,0,-0.73
216,9,medium,40,0.4,0,-0.73
218,10,large,36,0.4,1,-0.73
218,10,large,39,0.4,1,-0.73
218,10,large,40,0.4,1,-0.73
219,7,medium,36,0.4,1,-0.73
219,7,medium,37,0.4,0,-0.73
219,7,medium,38,0.4,0,-0.73
219,7,medium,39,0.4,0,-0.73
219,7,medium,40,0.4,1,-0.73
220,8,medium,36,0.4,1,-0.73
220,8,medium,37,0.4,1,-0.73
220,8,medium,38,0.4,0,-0.73
220,8,medium,39,0.4,0,-0.73
220,8,medium,40,0.4,1,-0.73
221,7,medium,6,0.4,1,-0.73
221,7,medium,7,0.4,1,-0.73
221,7,medium,27,0.4,1,-0.73
221,7,medium,35,0.4,0,-0.73
221,7,medium,39,0.4,0,-0.73
222,7,medium,6,0.4,1,-0.73
222,7,medium,7,0.4,0,-0.73
222,7,medium,8,0.4,0,-0.73
222,7,medium,26,0.4,0,-0.73
222,7,medium,28,0.4,0,-0.73
223,8,medium,9,0.4,0,-0.73
223,8,medium,16,0.4,1,-0.73
223,8,medium,27,0.4,1,-0.73
223,8,medium,36,0.4,1,-0.73
223,8,medium,40,0.4,1,-0.73
224,7,medium,1,0.4,0,-0.73
224,7,medium,4,0.4,1,-0.73
224,7,medium,27,0.4,0,-0.73
224,7,medium,28,0.4,1,-0.73
225,7,medium,2,0.4,0,-0.73
225,7,medium,3,0.4,1,-0.73
225,7,medium,21,0.4,1,-0.73
225,7,medium,39,0.4,1,-0.73
226,6,small,10,0.4,1,-0.73
226,6,small,11,0.4,1,-0.73
226,6,small,16,0.4,1,-0.73
226,6,small,23,0.4,0,-0.73
226,6,small,38,0.4,1,-0.73
227,7,medium,1,0.4,0,-0.73
227,7,medium,2,0.4,1,-0.73
227,7,medium,10,0.4,1,-0.73
227,7,medium,14,0.4,0,-0.73
228,8,medium,10,0.4,1,-0.73
228,8,medium,14,0.4,1,-0.73
228,8,medium,24,0.4,1,-0.73
229,7,medium,8,0.4,1,-0.73
229,7,medium,18,0.4,0,-0.73
229,7,medium,20,0.4,1,-0.73
229,7,medium,21,0.4,1,-0.73
229,7,medium,39,0.4,1,-0.73
230,10,large,1,0.4,1,-0.73
230,10,large,11,0.4,1,-0.73
230,10,large,12,0.4,0,-0.73
230,10,large,17,0.4,1,-0.73
230,10,large,37,0.4,1,-0.73
231,10,large,1,0.4,1,-0.73
231,10,large,6,0.4,1,-0.73
231,10,large,21,0.4,1,-0.73
232,7,medium,9,0.4,1,-0.73
232,7,medium,21,0.4,1,-0.73
232,7,medium,23,0.4,1,-0.73
232,7,medium,30,0.4,1,-0.73
233,9,medium,14,0.4,1,-0.73
233,9,medium,28,0.4,0,-0.73
233,9,medium,34,0.4,0,-0.73
233,9,medium,36,0.4,0,-0.73
234,8,medium,9,0.4,1,-0.73
234,8,medium,27,0.4,1,-0.73
234,8,medium,36,0.4,0,-0.73
235,10,large,1,0.4,1,-0.73
236,8,medium,2,0.4,1,-0.73
236,8,medium,3,0.4,0,-0.73
236,8,medium,21,0.4,1,-0.73
236,8,medium,33,0.4,0,-0.73
236,8,medium,39,0.4,1,-0.73
237,10,large,10,0.4,1,-0.73
237,10,large,11,0.4,1,-0.73
237,10,large,16,0.4,0,-0.73
237,10,large,23,0.4,0,-0.73
237,10,large,38,0.4,0,-0.73
238,7,medium,1,0.4,1,-0.73
238,7,medium,2,0.4,1,-0.73
238,7,medium,10,0.4,1,-0.73
238,7,medium,14,0.4,1,-0.73
238,7,medium,37,0.4,1,-0.73
239,8,medium,6,0.4,1,-0.73
239,8,medium,10,0.4,1,-0.73
239,8,medium,14,0.4,1,-0.73
239,8,medium,24,0.4,1,-0.73
239,8,medium,35,0.4,0,-0.73
240,7,medium,8,0.4,1,-0.73
240,7,medium,18,0.4,0,-0.73
240,7,medium,20,0.4,1,-0.73
240,7,medium,21,0.4,0,-0.73
240,7,medium,39,0.4,0,-0.73
241,10,large,1,0.4,1,-0.73
241,10,large,12,0.4,1,-0.73
241,10,large,17,0.4,1,-0.73
241,10,large,37,0.4,1,-0.73
242,8,medium,1,0.4,0,-0.73
242,8,medium,6,0.4,1,-0.73
242,8,medium,21,0.4,0,-0.73
242,8,medium,39,0.4,1,-0.73
243,6,small,2,0.4,1,-0.73
243,6,small,3,0.4,1,-0.73
243,6,small,21,0.4,1,-0.73
243,6,small,33,0.4,1,-0.73
243,6,small,39,0.4,1,-0.73
244,9,medium,10,0.4,1,-0.73
244,9,medium,11,0.4,0,-0.73
244,9,medium,16,0.4,0,-0.73
244,9,medium,23,0.4,1,-0.73
245,9,medium,1,0.4,1,-0.73
245,9,medium,14,0.4,1,-0.73
246,9,medium,6,0.4,0,-0.73
246,9,medium,10,0.4,0,-0.73
246,9,medium,14,0.4,0,-0.73
246,9,medium,24,0.4,0,-0.73
247,8,medium,8,0.4,1,-0.73
247,8,medium,18,0.4,1,-0.73
247,8,medium,20,0.4,1,-0.73
247,8,medium,21,0.4,1,-0.73
247,8,medium,39,0.4,1,-0.73
248,6,small,1,0.4,1,-0.73
248,6,small,37,0.4,0,-0.73
249,8,medium,1,0.4,1,-0.73
249,8,medium,18,0.4,1,-0.73
249,8,medium,20,0.4,1,-0.73
249,8,medium,21,0.4,1,-0.73
249,8,medium,39,0.4,1,-0.73
250,7,medium,12,0.4,1,-0.73
250,7,medium,15,0.4,1,-0.73
250,7,medium,29,0.4,0,-0.73
250,7,medium,34,0.4,1,-0.73
251,7,medium,36,0.4,1,-0.73
251,7,medium,40,0.4,1,-0.73
252,11,large,16,0.4,1,-0.73
252,11,large,27,0.4,1,-0.73
252,11,large,40,0.4,1,-0.73
253,14,xlarge,1,0.4,1,-0.73
253,14,xlarge,4,0.4,1,-0.73
253,14,xlarge,28,0.4,1,-0.73
254,15,xlarge,2,0.4,1,-0.73
254,15,xlarge,3,0.4,0,-0.73
254,15,xlarge,21,0.4,1,-0.73
254,15,xlarge,33,0.4,1,-0.73
254,15,xlarge,39,0.4,0,-0.73
255,16,xlarge,10,0.4,1,-0.73
255,16,xlarge,11,0.4,1,-0.73
255,16,xlarge,16,0.4,1,-0.73
255,16,xlarge,23,0.4,1,-0.73
255,16,xlarge,38,0.4,1,-0.73
256,8,medium,14,0.4,1,-0.73
256,8,medium,37,0.4,1,-0.73
258,9,medium,11,0.4,1,-0.73
258,9,medium,23,0.4,1,-0.73
258,9,medium,38,0.4,1,-0.73
259,13,xlarge,1,0.4,0,-0.73
259,13,xlarge,10,0.4,0,-0.73
259,13,xlarge,14,0.4,0,-0.73
259,13,xlarge,37,0.4,1,-0.73
260,8,medium,6,0.4,1,-0.73
260,8,medium,10,0.4,1,-0.73
261,8,medium,8,0.4,1,-0.73
261,8,medium,18,0.4,1,-0.73
261,8,medium,39,0.4,1,-0.73
201,13,xlarge,12,27%,0,-0.26
201,13,xlarge,13,27%,0,-0.26
201,13,xlarge,25,27%,0,-0.26
201,13,xlarge,26,27%,0,-0.26
202,7,medium,2,27%,0,-0.26
202,7,medium,7,27%,1,-0.26
202,7,medium,9,27%,1,-0.26
202,7,medium,24,27%,0,-0.26
202,7,medium,35,27%,0,-0.26
203,8,medium,1,27%,0,-0.26
203,8,medium,10,27%,0,-0.26
203,8,medium,12,27%,0,-0.26
203,8,medium,21,27%,0,-0.26
203,8,medium,32,27%,0,-0.26
204,8,medium,6,27%,0,-0.26
204,8,medium,7,27%,0,-0.26
204,8,medium,12,27%,0,-0.26
204,8,medium,22,27%,0,-0.26
204,8,medium,26,27%,0,-0.26
205,9,medium,9,27%,0,-0.26
205,9,medium,15,27%,0,-0.26
205,9,medium,19,27%,1,-0.26
205,9,medium,20,27%,0,-0.26
205,9,medium,33,27%,0,-0.26
206,7,medium,7,27%,0,-0.26
206,7,medium,13,27%,0,-0.26
206,7,medium,17,27%,1,-0.26
206,7,medium,23,27%,0,-0.26
206,7,medium,25,27%,0,-0.26
207,9,medium,7,27%,0,-0.26
207,9,medium,13,27%,0,-0.26
207,9,medium,23,27%,0,-0.26
207,9,medium,29,27%,0,-0.26
207,9,medium,33,27%,0,-0.26
208,9,medium,2,27%,0,-0.26
208,9,medium,5,27%,0,-0.26
208,9,medium,10,27%,0,-0.26
208,9,medium,22,27%,1,-0.26
208,9,medium,23,27%,0,-0.26
209,7,medium,11,27%,1,-0.26
209,7,medium,16,27%,0,-0.26
209,7,medium,22,27%,0,-0.26
209,7,medium,26,27%,0,-0.26
209,7,medium,27,27%,0,-0.26
210,11,large,1,27%,0,-0.26
210,11,large,5,27%,0,-0.26
210,11,large,26,27%,0,-0.26
210,11,large,28,27%,1,-0.26
210,11,large,34,27%,0,-0.26
211,7,medium,7,27%,1,-0.26
211,7,medium,18,27%,1,-0.26
211,7,medium,23,27%,0,-0.26
211,7,medium,31,27%,1,-0.26
212,7,medium,7,27%,0,-0.26
212,7,medium,13,27%,1,-0.26
212,7,medium,23,27%,0,-0.26
212,7,medium,29,27%,0,-0.26
212,7,medium,33,27%,0,-0.26
213,7,medium,7,27%,1,-0.26
213,7,medium,13,27%,1,-0.26
213,7,medium,23,27%,0,-0.26
213,7,medium,29,27%,1,-0.26
213,7,medium,33,27%,0,-0.26
214,8,medium,2,27%,0,-0.26
214,8,medium,5,27%,0,-0.26
214,8,medium,10,27%,0,-0.26
214,8,medium,22,27%,0,-0.26
214,8,medium,23,27%,0,-0.26
215,9,medium,11,27%,0,-0.26
215,9,medium,16,27%,0,-0.26
215,9,medium,22,27%,0,-0.26
215,9,medium,26,27%,0,-0.26
215,9,medium,27,27%,0,-0.26
216,9,medium,1,27%,0,-0.26
216,9,medium,5,27%,0,-0.26
216,9,medium,26,27%,0,-0.26
216,9,medium,28,27%,0,-0.26
216,9,medium,34,27%,0,-0.26
217,6,small,7,27%,0,-0.26
217,6,small,15,27%,0,-0.26
217,6,small,18,27%,0,-0.26
217,6,small,23,27%,0,-0.26
217,6,small,31,27%,0,-0.26
218,10,large,10,27%,0,-0.26
218,10,large,11,27%,0,-0.26
218,10,large,13,27%,0,-0.26
218,10,large,28,27%,0,-0.26
218,10,large,34,27%,0,-0.26
219,7,medium,3,27%,0,-0.26
219,7,medium,13,27%,0,-0.26
219,7,medium,20,27%,0,-0.26
219,7,medium,24,27%,0,-0.26
219,7,medium,35,27%,0,-0.26
220,8,medium,7,27%,0,-0.26
220,8,medium,13,27%,0,-0.26
220,8,medium,23,27%,0,-0.26
220,8,medium,29,27%,1,-0.26
220,8,medium,33,27%,0,-0.26
221,7,medium,1,27%,0,-0.26
221,7,medium,3,27%,0,-0.26
221,7,medium,25,27%,0,-0.26
221,7,medium,28,27%,1,-0.26
221,7,medium,33,27%,0,-0.26
222,7,medium,12,27%,0,-0.26
222,7,medium,30,27%,0,-0.26
222,7,medium,31,27%,0,-0.26
222,7,medium,37,27%,0,-0.26
222,7,medium,40,27%,0,-0.26
223,8,medium,3,27%,0,-0.26
223,8,medium,20,27%,0,-0.26
223,8,medium,21,27%,0,-0.26
223,8,medium,30,27%,0,-0.26
223,8,medium,34,27%,0,-0.26
224,7,medium,11,27%,0,-0.26
224,7,medium,22,27%,0,-0.26
224,7,medium,29,27%,0,-0.26
224,7,medium,31,27%,0,-0.26
224,7,medium,37,27%,0,-0.26
225,7,medium,8,27%,1,-0.26
225,7,medium,9,27%,1,-0.26
225,7,medium,13,27%,0,-0.26
225,7,medium,20,27%,1,-0.26
225,7,medium,34,27%,0,-0.26
226,6,small,18,27%,0,-0.26
226,6,small,26,27%,0,-0.26
226,6,small,29,27%,0,-0.26
226,6,small,33,27%,0,-0.26
227,7,medium,9,27%,0,-0.26
227,7,medium,12,27%,0,-0.26
227,7,medium,29,27%,0,-0.26
227,7,medium,31,27%,1,-0.26
228,8,medium,15,27%,1,-0.26
228,8,medium,21,27%,1,-0.26
228,8,medium,37,27%,0,-0.26
228,8,medium,38,27%,0,-0.26
229,7,medium,2,27%,0,-0.26
229,7,medium,4,27%,0,-0.26
229,7,medium,32,27%,0,-0.26
229,7,medium,34,27%,0,-0.26
229,7,medium,37,27%,0,-0.26
230,10,large,3,27%,0,-0.26
230,10,large,4,27%,0,-0.26
230,10,large,5,27%,0,-0.26
230,10,large,21,27%,0,-0.26
230,10,large,27,27%,0,-0.26
231,10,large,2,27%,0,-0.26
231,10,large,11,27%,0,-0.26
231,10,large,32,27%,0,-0.26
231,10,large,35,27%,0,-0.26
231,10,large,37,27%,0,-0.26
232,7,medium,11,27%,0,-0.26
232,7,medium,13,27%,0,-0.26
232,7,medium,14,27%,0,-0.26
232,7,medium,29,27%,0,-0.26
232,7,medium,34,27%,0,-0.26
233,9,medium,4,27%,0,-0.26
233,9,medium,7,27%,0,-0.26
233,9,medium,9,27%,0,-0.26
233,9,medium,16,27%,0,-0.26
233,9,medium,35,27%,0,-0.26
234,8,medium,3,27%,0,-0.26
234,8,medium,20,27%,0,-0.26
234,8,medium,21,27%,0,-0.26
234,8,medium,30,27%,0,-0.26
235,10,large,11,27%,0,-0.26
235,10,large,22,27%,0,-0.26
235,10,large,29,27%,1,-0.26
235,10,large,31,27%,0,-0.26
235,10,large,37,27%,1,-0.26
236,8,medium,8,27%,0,-0.26
236,8,medium,9,27%,0,-0.26
236,8,medium,13,27%,0,-0.26
236,8,medium,20,27%,0,-0.26
236,8,medium,34,27%,0,-0.26
237,10,large,18,27%,0,-0.26
237,10,large,21,27%,0,-0.26
237,10,large,26,27%,0,-0.26
237,10,large,29,27%,0,-0.26
237,10,large,33,27%,0,-0.26
238,7,medium,9,27%,0,-0.26
238,7,medium,12,27%,0,-0.26
238,7,medium,24,27%,1,-0.26
238,7,medium,29,27%,0,-0.26
238,7,medium,31,27%,0,-0.26
239,8,medium,4,27%,0,-0.26
239,8,medium,15,27%,0,-0.26
239,8,medium,21,27%,0,-0.26
239,8,medium,37,27%,1,-0.26
239,8,medium,38,27%,0,-0.26
240,7,medium,2,27%,0,-0.26
240,7,medium,4,27%,0,-0.26
240,7,medium,32,27%,0,-0.26
240,7,medium,34,27%,0,-0.26
240,7,medium,37,27%,0,-0.26
241,10,large,3,27%,0,-0.26
241,10,large,4,27%,0,-0.26
241,10,large,5,27%,0,-0.26
241,10,large,21,27%,0,-0.26
241,10,large,27,27%,1,-0.26
242,8,medium,2,27%,0,-0.26
242,8,medium,11,27%,0,-0.26
242,8,medium,32,27%,0,-0.26
242,8,medium,35,27%,0,-0.26
242,8,medium,37,27%,0,-0.26
243,6,small,8,27%,0,-0.26
243,6,small,9,27%,0,-0.26
243,6,small,13,27%,1,-0.26
243,6,small,20,27%,0,-0.26
243,6,small,34,27%,0,-0.26
244,9,medium,18,27%,0,-0.26
244,9,medium,21,27%,1,-0.26
244,9,medium,26,27%,0,-0.26
244,9,medium,29,27%,0,-0.26
244,9,medium,33,27%,0,-0.26
245,9,medium,9,27%,1,-0.26
245,9,medium,12,27%,1,-0.26
245,9,medium,24,27%,1,-0.26
245,9,medium,29,27%,1,-0.26
245,9,medium,31,27%,1,-0.26
246,9,medium,4,27%,0,-0.26
246,9,medium,15,27%,0,-0.26
246,9,medium,21,27%,0,-0.26
246,9,medium,37,27%,0,-0.26
246,9,medium,38,27%,0,-0.26
247,8,medium,2,27%,0,-0.26
247,8,medium,4,27%,0,-0.26
247,8,medium,32,27%,0,-0.26
247,8,medium,34,27%,0,-0.26
247,8,medium,37,27%,0,-0.26
248,6,small,3,27%,1,-0.26
248,6,small,4,27%,1,-0.26
248,6,small,5,27%,0,-0.26
248,6,small,21,27%,0,-0.26
248,6,small,27,27%,1,-0.26
249,8,medium,5,27%,0,-0.26
249,8,medium,6,27%,0,-0.26
249,8,medium,15,27%,0,-0.26
249,8,medium,23,27%,0,-0.26
249,8,medium,32,27%,0,-0.26
250,7,medium,10,27%,0,-0.26
250,7,medium,11,27%,0,-0.26
250,7,medium,18,27%,0,-0.26
250,7,medium,21,27%,1,-0.26
250,7,medium,37,27%,0,-0.26
251,7,medium,3,27%,0,-0.26
251,7,medium,20,27%,0,-0.26
251,7,medium,21,27%,0,-0.26
251,7,medium,34,27%,0,-0.26
252,11,large,3,27%,0,-0.26
252,11,large,20,27%,0,-0.26
252,11,large,21,27%,0,-0.26
252,11,large,30,27%,0,-0.26
252,11,large,34,27%,1,-0.26
253,14,xlarge,11,27%,1,-0.26
253,14,xlarge,22,27%,0,-0.26
253,14,xlarge,29,27%,0,-0.26
253,14,xlarge,31,27%,0,-0.26
253,14,xlarge,37,27%,0,-0.26
254,15,xlarge,8,27%,0,-0.26
254,15,xlarge,9,27%,0,-0.26
254,15,xlarge,13,27%,0,-0.26
254,15,xlarge,20,27%,0,-0.26
254,15,xlarge,34,27%,0,-0.26
255,16,xlarge,18,27%,0,-0.26
255,16,xlarge,21,27%,0,-0.26
255,16,xlarge,26,27%,0,-0.26
255,16,xlarge,29,27%,0,-0.26
255,16,xlarge,33,27%,0,-0.26
256,8,medium,12,27%,0,-0.26
256,8,medium,24,27%,0,-0.26
256,8,medium,29,27%,0,-0.26
256,8,medium,31,27%,0,-0.26
258,9,medium,18,27%,0,-0.26
258,9,medium,21,27%,1,-0.26
258,9,medium,26,27%,1,-0.26
258,9,medium,33,27%,1,-0.26
259,13,xlarge,9,27%,0,-0.26
259,13,xlarge,12,27%,0,-0.26
259,13,xlarge,24,27%,0,-0.26
259,13,xlarge,29,27%,1,-0.26
259,13,xlarge,31,27%,0,-0.26
260,8,medium,4,27%,1,-0.26
260,8,medium,15,27%,1,-0.26
260,8,medium,37,27%,0,-0.26
260,8,medium,38,27%,1,-0.26
261,8,medium,2,27%,0,-0.26
261,8,medium,4,27%,1,-0.26
261,8,medium,32,27%,1,-0.26
261,8,medium,34,27%,0,-0.26
261,8,medium,37,27%,1,-0.26
201,13,xlarge,8,7%,0,-0.03
201,13,xlarge,14,7%,0,-0.03
201,13,xlarge,15,7%,0,-0.03
201,13,xlarge,17,7%,0,-0.03
202,7,medium,5,7%,0,-0.03
202,7,medium,11,7%,0,-0.03
202,7,medium,22,7%,0,-0.03
202,7,medium,26,7%,0,-0.03
202,7,medium,30,7%,0,-0.03
203,8,medium,15,7%,0,-0.03
203,8,medium,22,7%,0,-0.03
203,8,medium,23,7%,0,-0.03
203,8,medium,31,7%,0,-0.03
203,8,medium,34,7%,0,-0.03
204,8,medium,4,7%,0,-0.03
204,8,medium,17,7%,0,-0.03
204,8,medium,29,7%,0,-0.03
204,8,medium,30,7%,0,-0.03
204,8,medium,35,7%,0,-0.03
205,9,medium,1,7%,0,-0.03
205,9,medium,4,7%,0,-0.03
205,9,medium,21,7%,0,-0.03
205,9,medium,32,7%,0,-0.03
205,9,medium,35,7%,0,-0.03
206,7,medium,2,7%,0,-0.03
206,7,medium,12,7%,0,-0.03
206,7,medium,31,7%,0,-0.03
206,7,medium,32,7%,1,-0.03
206,7,medium,35,7%,0,-0.03
207,9,medium,2,7%,0,-0.03
207,9,medium,18,7%,0,-0.03
207,9,medium,19,7%,1,-0.03
207,9,medium,26,7%,0,-0.03
207,9,medium,30,7%,0,-0.03
208,9,medium,7,7%,0,-0.03
208,9,medium,12,7%,0,-0.03
208,9,medium,17,7%,0,-0.03
208,9,medium,20,7%,0,-0.03
208,9,medium,35,7%,0,-0.03
209,7,medium,2,7%,0,-0.03
209,7,medium,3,7%,0,-0.03
209,7,medium,20,7%,1,-0.03
209,7,medium,28,7%,0,-0.03
209,7,medium,35,7%,0,-0.03
210,11,large,4,7%,0,-0.03
210,11,large,12,7%,0,-0.03
210,11,large,15,7%,0,-0.03
210,11,large,27,7%,0,-0.03
210,11,large,30,7%,0,-0.03
211,7,medium,6,7%,0,-0.03
211,7,medium,14,7%,0,-0.03
211,7,medium,19,7%,0,-0.03
211,7,medium,21,7%,0,-0.03
211,7,medium,28,7%,0,-0.03
212,7,medium,2,7%,0,-0.03
212,7,medium,18,7%,0,-0.03
212,7,medium,19,7%,0,-0.03
212,7,medium,26,7%,0,-0.03
212,7,medium,30,7%,0,-0.03
213,7,medium,2,7%,0,-0.03
213,7,medium,18,7%,0,-0.03
213,7,medium,19,7%,0,-0.03
213,7,medium,26,7%,0,-0.03
213,7,medium,30,7%,0,-0.03
214,8,medium,7,7%,0,-0.03
214,8,medium,12,7%,0,-0.03
214,8,medium,17,7%,0,-0.03
214,8,medium,20,7%,0,-0.03
214,8,medium,35,7%,0,-0.03
215,9,medium,2,7%,0,-0.03
215,9,medium,3,7%,0,-0.03
215,9,medium,20,7%,0,-0.03
215,9,medium,28,7%,0,-0.03
215,9,medium,35,7%,0,-0.03
216,9,medium,4,7%,0,-0.03
216,9,medium,12,7%,0,-0.03
216,9,medium,15,7%,0,-0.03
216,9,medium,27,7%,0,-0.03
216,9,medium,30,7%,0,-0.03
217,6,small,6,7%,0,-0.03
217,6,small,14,7%,0,-0.03
217,6,small,19,7%,0,-0.03
217,6,small,21,7%,0,-0.03
217,6,small,28,7%,0,-0.03
218,10,large,6,7%,0,-0.03
218,10,large,14,7%,0,-0.03
218,10,large,15,7%,0,-0.03
218,10,large,30,7%,0,-0.03
218,10,large,32,7%,0,-0.03
219,7,medium,9,7%,0,-0.03
219,7,medium,14,7%,0,-0.03
219,7,medium,27,7%,0,-0.03
219,7,medium,28,7%,0,-0.03
219,7,medium,29,7%,0,-0.03
220,8,medium,2,7%,1,-0.03
220,8,medium,18,7%,0,-0.03
220,8,medium,19,7%,0,-0.03
220,8,medium,26,7%,0,-0.03
220,8,medium,30,7%,0,-0.03
221,7,medium,12,7%,0,-0.03
221,7,medium,22,7%,0,-0.03
221,7,medium,30,7%,0,-0.03
221,7,medium,31,7%,0,-0.03
221,7,medium,37,7%,0,-0.03
222,7,medium,3,7%,0,-0.03
222,7,medium,14,7%,0,-0.03
222,7,medium,16,7%,0,-0.03
222,7,medium,22,7%,0,-0.03
222,7,medium,27,7%,0,-0.03
223,8,medium,10,7%,0,-0.03
223,8,medium,14,7%,0,-0.03
223,8,medium,19,7%,0,-0.03
223,8,medium,24,7%,0,-0.03
223,8,medium,25,7%,0,-0.03
224,7,medium,2,7%,0,-0.03
224,7,medium,3,7%,0,-0.03
224,7,medium,12,7%,0,-0.03
224,7,medium,23,7%,0,-0.03
224,7,medium,39,7%,0,-0.03
225,7,medium,11,7%,0,-0.03
225,7,medium,27,7%,0,-0.03
225,7,medium,28,7%,0,-0.03
225,7,medium,29,7%,0,-0.03
225,7,medium,30,7%,0,-0.03
226,6,small,3,7%,0,-0.03
226,6,small,7,7%,0,-0.03
226,6,small,12,7%,0,-0.03
226,6,small,13,7%,0,-0.03
226,6,small,14,7%,0,-0.03
227,7,medium,4,7%,0,-0.03
227,7,medium,15,7%,0,-0.03
227,7,medium,26,7%,0,-0.03
227,7,medium,33,7%,0,-0.03
228,8,medium,1,7%,0,-0.03
228,8,medium,11,7%,0,-0.03
228,8,medium,19,7%,0,-0.03
228,8,medium,23,7%,0,-0.03
228,8,medium,40,7%,0,-0.03
229,7,medium,6,7%,0,-0.03
229,7,medium,10,7%,0,-0.03
229,7,medium,13,7%,0,-0.03
229,7,medium,26,7%,0,-0.03
229,7,medium,29,7%,0,-0.03
230,10,large,7,7%,0,-0.03
230,10,large,9,7%,0,-0.03
230,10,large,29,7%,0,-0.03
230,10,large,33,7%,0,-0.03
230,10,large,34,7%,0,-0.03
231,10,large,19,7%,0,-0.03
231,10,large,20,7%,0,-0.03
231,10,large,25,7%,0,-0.03
231,10,large,36,7%,0,-0.03
231,10,large,38,7%,0,-0.03
232,7,medium,3,7%,0,-0.03
232,7,medium,16,7%,0,-0.03
232,7,medium,26,7%,0,-0.03
232,7,medium,32,7%,0,-0.03
232,7,medium,40,7%,0,-0.03
233,9,medium,10,7%,0,-0.03
233,9,medium,17,7%,0,-0.03
233,9,medium,18,7%,0,-0.03
233,9,medium,21,7%,0,-0.03
233,9,medium,37,7%,0,-0.03
234,8,medium,10,7%,0,-0.03
234,8,medium,14,7%,0,-0.03
234,8,medium,19,7%,0,-0.03
234,8,medium,24,7%,0,-0.03
234,8,medium,25,7%,0,-0.03
235,10,large,2,7%,0,-0.03
235,10,large,3,7%,0,-0.03
235,10,large,12,7%,0,-0.03
235,10,large,23,7%,0,-0.03
235,10,large,39,7%,0,-0.03
236,8,medium,11,7%,0,-0.03
236,8,medium,27,7%,0,-0.03
236,8,medium,28,7%,0,-0.03
236,8,medium,29,7%,0,-0.03
236,8,medium,30,7%,0,-0.03
237,10,large,3,7%,0,-0.03
237,10,large,7,7%,0,-0.03
237,10,large,12,7%,1,-0.03
237,10,large,13,7%,0,-0.03
237,10,large,14,7%,0,-0.03
238,7,medium,4,7%,0,-0.03
238,7,medium,8,7%,0,-0.03
238,7,medium,15,7%,0,-0.03
238,7,medium,26,7%,0,-0.03
238,7,medium,33,7%,0,-0.03
239,8,medium,1,7%,0,-0.03
239,8,medium,11,7%,0,-0.03
239,8,medium,19,7%,0,-0.03
239,8,medium,23,7%,0,-0.03
239,8,medium,40,7%,0,-0.03
240,7,medium,6,7%,0,-0.03
240,7,medium,10,7%,0,-0.03
240,7,medium,13,7%,0,-0.03
240,7,medium,26,7%,0,-0.03
240,7,medium,29,7%,0,-0.03
241,10,large,7,7%,1,-0.03
241,10,large,9,7%,1,-0.03
241,10,large,29,7%,0,-0.03
241,10,large,33,7%,0,-0.03
241,10,large,34,7%,0,-0.03
242,8,medium,19,7%,0,-0.03
242,8,medium,20,7%,0,-0.03
242,8,medium,25,7%,0,-0.03
242,8,medium,36,7%,0,-0.03
242,8,medium,38,7%,0,-0.03
243,6,small,11,7%,0,-0.03
243,6,small,27,7%,0,-0.03
243,6,small,28,7%,0,-0.03
243,6,small,29,7%,0,-0.03
243,6,small,30,7%,0,-0.03
244,9,medium,3,7%,0,-0.03
244,9,medium,7,7%,0,-0.03
244,9,medium,12,7%,0,-0.03
244,9,medium,13,7%,0,-0.03
244,9,medium,14,7%,0,-0.03
245,9,medium,4,7%,0,-0.03
245,9,medium,8,7%,0,-0.03
245,9,medium,15,7%,0,-0.03
245,9,medium,26,7%,0,-0.03
245,9,medium,33,7%,0,-0.03
246,9,medium,1,7%,0,-0.03
246,9,medium,11,7%,0,-0.03
246,9,medium,19,7%,0,-0.03
246,9,medium,23,7%,0,-0.03
246,9,medium,40,7%,0,-0.03
247,8,medium,6,7%,0,-0.03
247,8,medium,10,7%,0,-0.03
247,8,medium,13,7%,0,-0.03
247,8,medium,26,7%,0,-0.03
247,8,medium,29,7%,0,-0.03
248,6,small,7,7%,0,-0.03
248,6,small,9,7%,0,-0.03
248,6,small,29,7%,0,-0.03
248,6,small,33,7%,0,-0.03
248,6,small,34,7%,0,-0.03
249,8,medium,8,7%,0,-0.03
249,8,medium,10,7%,0,-0.03
249,8,medium,27,7%,0,-0.03
249,8,medium,33,7%,0,-0.03
249,8,medium,40,7%,0,-0.03
250,7,medium,4,7%,0,-0.03
250,7,medium,16,7%,0,-0.03
250,7,medium,25,7%,0,-0.03
250,7,medium,26,7%,0,-0.03
250,7,medium,38,7%,0,-0.03
251,7,medium,10,7%,0,-0.03
251,7,medium,14,7%,0,-0.03
251,7,medium,19,7%,0,-0.03
251,7,medium,24,7%,0,-0.03
251,7,medium,25,7%,0,-0.03
252,11,large,10,7%,0,-0.03
252,11,large,14,7%,0,-0.03
252,11,large,19,7%,0,-0.03
252,11,large,24,7%,0,-0.03
252,11,large,25,7%,0,-0.03
253,14,xlarge,2,7%,0,-0.03
253,14,xlarge,3,7%,0,-0.03
253,14,xlarge,12,7%,0,-0.03
253,14,xlarge,23,7%,0,-0.03
253,14,xlarge,39,7%,0,-0.03
254,15,xlarge,11,7%,0,-0.03
254,15,xlarge,27,7%,0,-0.03
254,15,xlarge,28,7%,0,-0.03
254,15,xlarge,29,7%,0,-0.03
254,15,xlarge,30,7%,0,-0.03
255,16,xlarge,3,7%,0,-0.03
255,16,xlarge,7,7%,0,-0.03
255,16,xlarge,12,7%,0,-0.03
255,16,xlarge,13,7%,0,-0.03
255,16,xlarge,14,7%,0,-0.03
256,8,medium,4,7%,0,-0.03
256,8,medium,8,7%,0,-0.03
256,8,medium,15,7%,0,-0.03
256,8,medium,26,7%,0,-0.03
256,8,medium,33,7%,0,-0.03
258,9,medium,3,7%,0,-0.03
258,9,medium,7,7%,0,-0.03
258,9,medium,12,7%,0,-0.03
258,9,medium,13,7%,0,-0.03
258,9,medium,14,7%,0,-0.03
259,13,xlarge,4,7%,0,-0.03
259,13,xlarge,8,7%,0,-0.03
259,13,xlarge,15,7%,0,-0.03
259,13,xlarge,26,7%,0,-0.03
259,13,xlarge,33,7%,0,-0.03
260,8,medium,1,7%,0,-0.03
260,8,medium,11,7%,0,-0.03
260,8,medium,19,7%,0,-0.03
260,8,medium,23,7%,0,-0.03
260,8,medium,40,7%,0,-0.03
261,8,medium,6,7%,0,-0.03
261,8,medium,10,7%,0,-0.03
261,8,medium,13,7%,0,-0.03
261,8,medium,26,7%,0,-0.03
261,8,medium,29,7%,0,-0.03
201,13,xlarge,9,Control,0,0
201,13,xlarge,20,Control,0,0
201,13,xlarge,23,Control,0,0
201,13,xlarge,24,Control,0,0
202,7,medium,3,Control,0,0
202,7,medium,6,Control,0,0
202,7,medium,13,Control,0,0
202,7,medium,19,Control,0,0
202,7,medium,33,Control,0,0
203,8,medium,4,Control,0,0
203,8,medium,13,Control,0,0
203,8,medium,17,Control,0,0
203,8,medium,18,Control,0,0
203,8,medium,28,Control,0,0
204,8,medium,10,Control,0,0
204,8,medium,14,Control,0,0
204,8,medium,15,Control,0,0
204,8,medium,18,Control,0,0
204,8,medium,19,Control,0,0
205,9,medium,11,Control,0,0
205,9,medium,12,Control,0,0
205,9,medium,18,Control,0,0
205,9,medium,26,Control,0,0
205,9,medium,27,Control,0,0
206,7,medium,4,Control,0,0
206,7,medium,9,Control,0,0
206,7,medium,11,Control,0,0
206,7,medium,26,Control,0,0
206,7,medium,29,Control,0,0
207,9,medium,9,Control,1,0
207,9,medium,12,Control,0,0
207,9,medium,17,Control,0,0
207,9,medium,21,Control,0,0
207,9,medium,22,Control,0,0
208,9,medium,8,Control,0,0
208,9,medium,18,Control,0,0
208,9,medium,25,Control,0,0
208,9,medium,27,Control,0,0
208,9,medium,32,Control,0,0
209,7,medium,1,Control,0,0
209,7,medium,4,Control,0,0
209,7,medium,13,Control,0,0
209,7,medium,17,Control,0,0
209,7,medium,23,Control,0,0
210,11,large,8,Control,0,0
210,11,large,10,Control,0,0
210,11,large,14,Control,1,0
210,11,large,16,Control,0,0
210,11,large,32,Control,0,0
211,7,medium,4,Control,0,0
211,7,medium,9,Control,0,0
211,7,medium,26,Control,0,0
211,7,medium,33,Control,0,0
211,7,medium,35,Control,0,0
212,7,medium,9,Control,0,0
212,7,medium,12,Control,0,0
212,7,medium,17,Control,0,0
212,7,medium,21,Control,0,0
212,7,medium,22,Control,0,0
213,7,medium,9,Control,0,0
213,7,medium,12,Control,0,0
213,7,medium,17,Control,0,0
213,7,medium,21,Control,0,0
213,7,medium,22,Control,0,0
214,8,medium,8,Control,0,0
214,8,medium,18,Control,0,0
214,8,medium,25,Control,0,0
214,8,medium,27,Control,0,0
214,8,medium,32,Control,0,0
215,9,medium,1,Control,0,0
215,9,medium,4,Control,0,0
215,9,medium,13,Control,0,0
215,9,medium,17,Control,0,0
215,9,medium,23,Control,0,0
216,9,medium,8,Control,0,0
216,9,medium,10,Control,0,0
216,9,medium,14,Control,0,0
216,9,medium,16,Control,0,0
216,9,medium,32,Control,0,0
217,6,small,4,Control,0,0
217,6,small,9,Control,0,0
217,6,small,26,Control,0,0
217,6,small,33,Control,0,0
217,6,small,35,Control,0,0
218,10,large,7,Control,0,0
218,10,large,9,Control,0,0
218,10,large,16,Control,0,0
218,10,large,22,Control,0,0
218,10,large,31,Control,0,0
219,7,medium,4,Control,0,0
219,7,medium,16,Control,0,0
219,7,medium,19,Control,0,0
219,7,medium,21,Control,0,0
219,7,medium,26,Control,0,0
220,8,medium,9,Control,0,0
220,8,medium,12,Control,0,0
220,8,medium,17,Control,0,0
220,8,medium,21,Control,0,0
220,8,medium,22,Control,0,0
221,7,medium,4,Control,0,0
221,7,medium,19,Control,0,0
221,7,medium,24,Control,0,0
221,7,medium,29,Control,0,0
221,7,medium,36,Control,0,0
222,7,medium,4,Control,0,0
222,7,medium,10,Control,0,0
222,7,medium,15,Control,0,0
222,7,medium,33,Control,0,0
222,7,medium,34,Control,0,0
223,8,medium,1,Control,0,0
223,8,medium,4,Control,0,0
223,8,medium,5,Control,0,0
223,8,medium,11,Control,0,0
223,8,medium,23,Control,0,0
224,7,medium,8,Control,0,0
224,7,medium,10,Control,0,0
224,7,medium,35,Control,0,0
224,7,medium,36,Control,0,0
224,7,medium,38,Control,0,0
225,7,medium,5,Control,0,0
225,7,medium,7,Control,0,0
225,7,medium,10,Control,0,0
225,7,medium,18,Control,0,0
225,7,medium,37,Control,0,0
226,6,small,2,Control,0,0
226,6,small,22,Control,0,0
226,6,small,25,Control,0,0
226,6,small,37,Control,0,0
226,6,small,39,Control,0,0
227,7,medium,18,Control,0,0
227,7,medium,19,Control,0,0
227,7,medium,21,Control,0,0
227,7,medium,32,Control,0,0
227,7,medium,38,Control,0,0
228,8,medium,7,Control,0,0
228,8,medium,12,Control,0,0
228,8,medium,29,Control,0,0
228,8,medium,30,Control,0,0
228,8,medium,33,Control,0,0
229,7,medium,5,Control,0,0
229,7,medium,19,Control,0,0
229,7,medium,24,Control,0,0
229,7,medium,28,Control,0,0
229,7,medium,31,Control,0,0
230,10,large,20,Control,0,0
230,10,large,25,Control,0,0
230,10,large,26,Control,0,0
230,10,large,31,Control,0,0
230,10,large,39,Control,0,0
231,10,large,13,Control,0,0
231,10,large,24,Control,0,0
231,10,large,28,Control,0,0
231,10,large,30,Control,0,0
231,10,large,31,Control,0,0
232,7,medium,12,Control,0,0
232,7,medium,28,Control,0,0
232,7,medium,33,Control,0,0
232,7,medium,36,Control,0,0
232,7,medium,38,Control,0,0
233,9,medium,8,Control,0,0
233,9,medium,20,Control,0,0
233,9,medium,26,Control,0,0
233,9,medium,38,Control,0,0
233,9,medium,39,Control,0,0
234,8,medium,1,Control,0,0
234,8,medium,4,Control,0,0
234,8,medium,5,Control,0,0
234,8,medium,11,Control,0,0
234,8,medium,23,Control,0,0
235,10,large,8,Control,0,0
235,10,large,10,Control,1,0
235,10,large,35,Control,0,0
235,10,large,36,Control,0,0
235,10,large,38,Control,0,0
236,8,medium,5,Control,0,0
236,8,medium,7,Control,0,0
236,8,medium,10,Control,0,0
236,8,medium,18,Control,0,0
236,8,medium,37,Control,0,0
237,10,large,2,Control,0,0
237,10,large,22,Control,0,0
237,10,large,25,Control,0,0
237,10,large,37,Control,0,0
237,10,large,39,Control,0,0
238,7,medium,18,Control,0,0
238,7,medium,19,Control,0,0
238,7,medium,21,Control,0,0
238,7,medium,32,Control,0,0
238,7,medium,38,Control,0,0
239,8,medium,7,Control,0,0
239,8,medium,12,Control,0,0
239,8,medium,29,Control,0,0
239,8,medium,30,Control,0,0
239,8,medium,33,Control,0,0
240,7,medium,5,Control,0,0
240,7,medium,19,Control,0,0
240,7,medium,24,Control,0,0
240,7,medium,28,Control,0,0
240,7,medium,31,Control,0,0
241,10,large,20,Control,0,0
241,10,large,25,Control,0,0
241,10,large,26,Control,0,0
241,10,large,31,Control,0,0
241,10,large,39,Control,0,0
242,8,medium,13,Control,0,0
242,8,medium,24,Control,0,0
242,8,medium,28,Control,0,0
242,8,medium,30,Control,0,0
242,8,medium,31,Control,0,0
243,6,small,5,Control,0,0
243,6,small,7,Control,0,0
243,6,small,10,Control,0,0
243,6,small,18,Control,0,0
243,6,small,37,Control,0,0
244,9,medium,2,Control,0,0
244,9,medium,22,Control,0,0
244,9,medium,25,Control,0,0
244,9,medium,37,Control,0,0
244,9,medium,39,Control,0,0
245,9,medium,18,Control,0,0
245,9,medium,19,Control,0,0
245,9,medium,21,Control,0,0
245,9,medium,32,Control,0,0
245,9,medium,38,Control,0,0
246,9,medium,7,Control,0,0
246,9,medium,12,Control,0,0
246,9,medium,29,Control,0,0
246,9,medium,30,Control,0,0
246,9,medium,33,Control,0,0
247,8,medium,5,Control,0,0
247,8,medium,19,Control,0,0
247,8,medium,24,Control,0,0
247,8,medium,28,Control,0,0
247,8,medium,31,Control,0,0
248,6,small,20,Control,0,0
248,6,small,25,Control,0,0
248,6,small,26,Control,0,0
248,6,small,31,Control,0,0
248,6,small,39,Control,0,0
249,8,medium,4,Control,0,0
249,8,medium,7,Control,0,0
249,8,medium,12,Control,0,0
249,8,medium,13,Control,0,0
249,8,medium,34,Control,0,0
250,7,medium,17,Control,0,0
250,7,medium,19,Control,0,0
250,7,medium,20,Control,0,0
250,7,medium,27,Control,0,0
250,7,medium,33,Control,0,0
251,7,medium,1,Control,0,0
251,7,medium,4,Control,0,0
251,7,medium,5,Control,0,0
251,7,medium,11,Control,0,0
251,7,medium,23,Control,0,0
252,11,large,1,Control,0,0
252,11,large,4,Control,0,0
252,11,large,5,Control,0,0
252,11,large,11,Control,0,0
252,11,large,23,Control,0,0
253,14,xlarge,8,Control,0,0
253,14,xlarge,10,Control,0,0
253,14,xlarge,35,Control,0,0
253,14,xlarge,36,Control,0,0
253,14,xlarge,38,Control,0,0
254,15,xlarge,5,Control,0,0
254,15,xlarge,7,Control,0,0
254,15,xlarge,10,Control,0,0
254,15,xlarge,18,Control,0,0
254,15,xlarge,37,Control,0,0
255,16,xlarge,2,Control,0,0
255,16,xlarge,22,Control,0,0
255,16,xlarge,25,Control,0,0
255,16,xlarge,37,Control,0,0
255,16,xlarge,39,Control,0,0
256,8,medium,18,Control,0,0
256,8,medium,19,Control,1,0
256,8,medium,21,Control,0,0
256,8,medium,32,Control,0,0
256,8,medium,38,Control,0,0
258,9,medium,2,Control,0,0
258,9,medium,22,Control,0,0
258,9,medium,25,Control,0,0
258,9,medium,37,Control,0,0
258,9,medium,39,Control,0,0
259,13,xlarge,18,Control,0,0
259,13,xlarge,19,Control,1,0
259,13,xlarge,21,Control,0,0
259,13,xlarge,32,Control,0,0
259,13,xlarge,38,Control,0,0
260,8,medium,7,Control,0,0
260,8,medium,12,Control,0,0
260,8,medium,29,Control,0,0
260,8,medium,30,Control,0,0
260,8,medium,33,Control,0,0
261,8,medium,5,Control,0,0
261,8,medium,19,Control,0,0
261,8,medium,24,Control,0,0
261,8,medium,28,Control,0,0
261,8,medium,31,Control,0,0
